{
	"coffees": [
	  {
		"title": "Black",
		"description": "Black coffee is as simple as it gets with ground coffee beans steeped in hot water, served warm. And if you want to sound fancy, you can call black coffee by its proper name: cafe noir.",
		"ingredients": [
		  "Coffee"
		],
		"image": "black",
		"id": 1
	  },
	  {
		"title": "Latte",
		"description": "As the most popular coffee drink out there, the latte is comprised of a shot of espresso and steamed milk with just a touch of foam. It can be ordered plain or with a flavor shot of anything from vanilla to pumpkin spice.",
		"ingredients": [
		  "Espresso",
		  "Steamed Milk"
		],
		"image": "latte",
		"id": 2
	  },
	  {
		"title": "Cappuccino",
		"description": "Cappuccino is a latte made with more foam than steamed milk, often with a sprinkle of cocoa powder or cinnamon on top. Sometimes you can find variations that use cream instead of milk or ones that throw in flavor shot, as well.",
		"ingredients": [
		  "Espresso",
		  "Steamed Milk",
		  "Foam"
		],
		"image": "cappuccino",
		"id": 3
	  },
	  {
		"title": "Americano",
		"description": "With a similar flavor to black coffee, the americano consists of an espresso shot diluted in hot water.",
		"ingredients": [
		  "Espresso",
		  "Hot Water"
		],
		"image": "americano",
		"id": 4
	  },
	  {
		"title": "Espresso",
		"description": "An espresso shot can be served solo or used as the foundation of most coffee drinks, like lattes and macchiatos.",
		"ingredients": [
		  "1oz Espresso"
		],
		"image": "espresso",
		"id": 5
	  }
	]
}